id,score,correct
1,0.478,1
2,0.406,1
3,0.545,1
4,0.933,1
5,0.29,0
6,0.926,1
7,0.623,1
8,0.821,1
9,0.419,1
10,0.459,0
11,0.465,0
12,0.75,1
13,0.93,1
14,0.47,1
15,0.634,1
16,0.421,1
17,0.934,1
18,0.219,0
19,0.559,1
20,0.653,1
21,0.619,1
22,0.073,0
23,0.47,0
24,0.76,1
25,0.361,0
26,0.327,1
27,0.39,1
28,0.702,1
29,0.772,1
30,0.338,1
31,0.23,0
32,0.673,1
33,0.642,1
34,0.508,1
35,0.925,1
36,0.589,1
37,0.543,1
38,0.346,1
39,0.67,1
40,0.725,1
41,0.506,1
42,0.341,0
43,0.509,1
44,0.215,0
45,0.898,1
46,0.646,1
47,0.816,1
48,0.525,1
49,0.544,1
50,0.695,1
51,0.775,1
52,0.508,1
53,0.549,1
54,0.85,1
55,0.748,1
56,0.774,1
57,0.49,1
58,0.897,1
59,0.455,1
60,0.346,0
61,0.377,1
62,0.249,0
63,0.593,1
64,0.609,1
65,0.078,0
66,0.673,1
67,0.742,1
68,0.328,0
69,0.33,1
70,0.595,1
71,0.396,1
72,0.268,0
73,0.744,1
74,0.614,1
75,0.115,0
76,0.552,1
77,0.36,1
78,0.305,0
79,0.625,1
80,0.855,1
81,0.697,1
82,0.313,1
83,0.709,1
84,0.444,0
85,0.024,0
86,0.513,1
87,0.597,1
88,0.234,0
89,0.362,1
90,0.93,1
91,0.466,0
92,0.529,1
93,0.478,1
94,0.474,1
95,0.87,1
96,0.457,1
97,0.736,1
98,0.277,1
99,0.591,1
100,0.503,1
101,0.477,0
102,0.604,1
103,0.34,0
104,0.177,0
105,0.831,1
106,0.304,0
107,0.742,1
108,0.777,1
109,0.685,1
110,0.062,0
111,0.3,0
112,0.36,1
113,0.192,1
114,0.93,1
115,0.593,1
116,0.517,1
117,0.863,1
118,0.284,0
119,0.79,1
120,0.225,1
121,0.678,1
122,0.635,1
123,0.416,1
124,0.203,0
125,0.596,0
126,0.826,1
127,0.671,1
128,0.268,0
129,0.294,1
130,0.802,1
131,0.744,1
132,0.506,0
133,0.568,1
134,0.771,1
135,0.884,1
136,0.489,1
137,0.233,0
138,0.856,1
139,0.525,1
140,0.602,1
141,0.632,1
142,0.561,1
143,0.504,0
144,0.129,0
145,0.9,1
146,0.771,1
147,0.615,0
148,0.776,1
149,0.436,1
150,0.616,1
151,0.808,1
152,0.842,1
153,0.556,1
154,0.924,1
155,0.427,1
156,0.606,1
157,0.045,0
158,0.268,1
159,0.268,0
160,0.554,1
161,0.821,1
162,0.233,1
163,0.041,0
164,0.861,1
165,0.426,1
166,0.379,0
167,0.869,1
168,0.17,0
169,0.453,1
170,0.781,1
171,0.081,1
172,0.464,1
173,0.393,1
174,0.392,1
175,0.218,0
176,0.429,1
177,0.675,1
178,0.292,1
179,0.408,1
180,0.892,1
181,0.129,1
182,0.095,0
183,0.4,1
184,0.442,1
185,0.511,0
186,0.823,1
187,0.233,0
188,0.968,1
189,0.567,0
190,0.344,1
191,0.209,0
192,0.251,1
193,0.519,1
194,0.7,1
195,0.842,1
196,0.49,1
197,0.732,1
198,0.629,1
199,0.903,1
200,0.548,1
